# h_obs,2.079379e-01,2.079375e-01,2.079371e-01,2.079366e-01,2.079362e-01,2.079356e-01,2.079351e-01,2.079347e-01,2.079341e-01,2.079336e-01,2.079330e-01,2.079323e-01,2.079314e-01,2.079302e-01,2.079281e-01,2.079248e-01,2.077932e-01,2.069718e-01,2.066435e-01,2.022981e-01,2.019877e-01,2.018792e-01,2.017671e-01,2.015285e-01,1.988730e-01,1.969233e-01,1.966552e-01,1.963382e-01,1.937760e-01,1.918465e-01,1.915884e-01,1.914380e-01,1.912601e-01,1.908135e-01,1.877447e-01,1.866197e-01,1.863785e-01,1.862338e-01,1.860830e-01,1.858206e-01,1.847478e-01,1.818902e-01,1.813481e-01,1.811569e-01,1.810327e-01,1.809156e-01,1.807641e-01,1.804763e-01,1.793995e-01,1.768380e-01,1.762109e-01,1.759949e-01,1.758681e-01,1.757664e-01,1.756632e-01,1.755326e-01,1.753173e-01,1.747776e-01,1.727590e-01,1.713212e-01,1.709381e-01,1.707638e-01,1.706522e-01,1.705633e-01,1.704791e-01,1.703866e-01,1.702679e-01,1.700830e-01,1.696985e-01,1.685000e-01,1.665895e-01,1.659244e-01,1.656683e-01,1.655272e-01,1.654300e-01,1.653517e-01,1.652804e-01,1.652081e-01,1.651268e-01,1.650247e-01
# sigma2_obs,0.000000e+00,1.128654e-18,6.043486e-18,1.877858e-17,4.780575e-17,1.039858e-16,1.823377e-16,2.937478e-16,4.699521e-16,7.864385e-16,1.429932e-15,2.990563e-15,7.924660e-15,3.391132e-14,4.191024e-13,7.282721e-12,1.826329e-08,4.492351e-09,4.924711e-08,5.238457e-08,4.648484e-09,2.108699e-09,2.873147e-09,1.870991e-08,1.771177e-07,2.457851e-08,7.675673e-09,1.829320e-08,9.197714e-08,1.768774e-08,4.056905e-09,1.936566e-09,2.328993e-09,9.637883e-09,1.913408e-08,4.530680e-09,1.281916e-09,5.898289e-10,4.715244e-10,8.627708e-10,2.565354e-09,1.782410e-09,5.344561e-10,2.056923e-10,1.077876e-10,7.587064e-11,7.912790e-11,1.413602e-10,3.010229e-10,2.377119e-10,9.506017e-11,4.218017e-11,2.334496e-11,1.558348e-11,1.248000e-11,1.257853e-11,1.742984e-11,3.096850e-11,3.922583e-11,2.393204e-11,1.192123e-11,6.704810e-12,4.380440e-12,3.224199e-12,2.618629e-12,2.352258e-12,2.396343e-12,2.894728e-12,4.116764e-12,5.412097e-12,4.640802e-12,2.940552e-12,1.855183e-12,1.288160e-12,9.786666e-13,7.953754e-13,6.803732e-13,6.082102e-13,5.690732e-13,5.634057e-13
iter,rho_melt1_surf,rho_melt1_deep,kappa_surface,kappa_deep,y_trans,width,h_pred_t0,h_pred_t1,h_pred_t2,h_pred_t3,h_pred_t4,h_pred_t5,h_pred_t6,h_pred_t7,h_pred_t8,h_pred_t9,h_pred_t10,h_pred_t11,h_pred_t12,h_pred_t13,h_pred_t14,h_pred_t15,h_pred_t16,h_pred_t17,h_pred_t18,h_pred_t19,h_pred_t20,h_pred_t21,h_pred_t22,h_pred_t23,h_pred_t24,h_pred_t25,h_pred_t26,h_pred_t27,h_pred_t28,h_pred_t29,h_pred_t30,h_pred_t31,h_pred_t32,h_pred_t33,h_pred_t34,h_pred_t35,h_pred_t36,h_pred_t37,h_pred_t38,h_pred_t39,h_pred_t40,h_pred_t41,h_pred_t42,h_pred_t43,h_pred_t44,h_pred_t45,h_pred_t46,h_pred_t47,h_pred_t48,h_pred_t49,h_pred_t50,h_pred_t51,h_pred_t52,h_pred_t53,h_pred_t54,h_pred_t55,h_pred_t56,h_pred_t57,h_pred_t58,h_pred_t59,h_pred_t60,h_pred_t61,h_pred_t62,h_pred_t63,h_pred_t64,h_pred_t65,h_pred_t66,h_pred_t67,h_pred_t68,h_pred_t69,h_pred_t70,h_pred_t71,h_pred_t72,h_pred_t73,h_pred_t74,h_pred_t75,h_pred_t76,h_pred_t77,h_pred_t78,h_pred_t79,var_pred_t0,var_pred_t1,var_pred_t2,var_pred_t3,var_pred_t4,var_pred_t5,var_pred_t6,var_pred_t7,var_pred_t8,var_pred_t9,var_pred_t10,var_pred_t11,var_pred_t12,var_pred_t13,var_pred_t14,var_pred_t15,var_pred_t16,var_pred_t17,var_pred_t18,var_pred_t19,var_pred_t20,var_pred_t21,var_pred_t22,var_pred_t23,var_pred_t24,var_pred_t25,var_pred_t26,var_pred_t27,var_pred_t28,var_pred_t29,var_pred_t30,var_pred_t31,var_pred_t32,var_pred_t33,var_pred_t34,var_pred_t35,var_pred_t36,var_pred_t37,var_pred_t38,var_pred_t39,var_pred_t40,var_pred_t41,var_pred_t42,var_pred_t43,var_pred_t44,var_pred_t45,var_pred_t46,var_pred_t47,var_pred_t48,var_pred_t49,var_pred_t50,var_pred_t51,var_pred_t52,var_pred_t53,var_pred_t54,var_pred_t55,var_pred_t56,var_pred_t57,var_pred_t58,var_pred_t59,var_pred_t60,var_pred_t61,var_pred_t62,var_pred_t63,var_pred_t64,var_pred_t65,var_pred_t66,var_pred_t67,var_pred_t68,var_pred_t69,var_pred_t70,var_pred_t71,var_pred_t72,var_pred_t73,var_pred_t74,var_pred_t75,var_pred_t76,var_pred_t77,var_pred_t78,var_pred_t79
1,3.000000e+08,3.000000e+08,1.800000e+02,1.500000e+02,1.890000e-01,2.100000e-03,0.000000e+00,2.075260e-01,2.075248e-01,2.075235e-01,2.075220e-01,2.075204e-01,2.075188e-01,2.075172e-01,2.075156e-01,2.075138e-01,2.075119e-01,2.075095e-01,2.075065e-01,2.075021e-01,2.074936e-01,2.074778e-01,2.072355e-01,2.063453e-01,2.054838e-01,2.024398e-01,2.016961e-01,2.013856e-01,2.010623e-01,2.004430e-01,1.985303e-01,1.968924e-01,1.962112e-01,1.954198e-01,1.936066e-01,1.920911e-01,1.914791e-01,1.910632e-01,1.905798e-01,1.896937e-01,1.880455e-01,1.868952e-01,1.863377e-01,1.859449e-01,1.855322e-01,1.849189e-01,1.837904e-01,1.824246e-01,1.816236e-01,1.811706e-01,1.808352e-01,1.805106e-01,1.801129e-01,1.795119e-01,1.785225e-01,1.773767e-01,1.766087e-01,1.761473e-01,1.758217e-01,1.755431e-01,1.752585e-01,1.749177e-01,1.744451e-01,1.737267e-01,1.727637e-01,1.719027e-01,1.713302e-01,1.709504e-01,1.706671e-01,1.704257e-01,1.701927e-01,1.699410e-01,1.696387e-01,1.692381e-01,1.686709e-01,1.679094e-01,1.671113e-01,1.664863e-01,1.660514e-01,1.657387e-01,1.654940e-01,1.652840e-01,1.650874e-01,1.648876e-01,1.646690e-01,1.644115e-01,0.000000e+00,5.460902e-19,2.831412e-18,8.509722e-18,2.093900e-17,4.449965e-17,7.807353e-17,1.261864e-16,2.007113e-16,3.290845e-16,5.775555e-16,1.150341e-15,2.873213e-15,1.148478e-14,1.321975e-13,2.218894e-12,5.403161e-09,1.380173e-09,1.526078e-08,1.628068e-08,1.468580e-09,6.759231e-10,9.035601e-10,5.581790e-09,5.174580e-08,7.366945e-09,2.471964e-09,6.333977e-09,3.226023e-08,6.401896e-09,1.620308e-09,9.624168e-10,1.636503e-09,8.700972e-09,1.832231e-08,4.429635e-09,1.387690e-09,8.462899e-10,1.144751e-09,3.725315e-09,1.476416e-08,1.051050e-08,3.017197e-09,1.186021e-09,7.438531e-10,7.916478e-10,1.527817e-09,4.894982e-09,1.411584e-08,1.143792e-08,4.128179e-09,1.655236e-09,9.071927e-10,7.082951e-10,8.229457e-10,1.455288e-09,3.674914e-09,9.996652e-09,1.459009e-08,8.277284e-09,3.448995e-09,1.615491e-09,9.416974e-10,7.009813e-10,6.831491e-10,8.899040e-10,1.541033e-09,3.357477e-09,7.812626e-09,1.325891e-08,1.130667e-08,5.921016e-09,2.852480e-09,1.521738e-09,9.463854e-10,6.979758e-10,6.193776e-10,6.705739e-10,8.904941e-10,1.434490e-09
2,3.000000e+08,3.000000e+08,1.700000e+02,9.000000e+01,1.890000e-01,2.100000e-03,0.000000e+00,2.075260e-01,2.075248e-01,2.075235e-01,2.075220e-01,2.075204e-01,2.075188e-01,2.075172e-01,2.075156e-01,2.075138e-01,2.075119e-01,2.075095e-01,2.075065e-01,2.075021e-01,2.074936e-01,2.074778e-01,2.072353e-01,2.063453e-01,2.054835e-01,2.024395e-01,2.016960e-01,2.013856e-01,2.010623e-01,2.004429e-01,1.985300e-01,1.968923e-01,1.962111e-01,1.954197e-01,1.936065e-01,1.920910e-01,1.914791e-01,1.910632e-01,1.905798e-01,1.896937e-01,1.880454e-01,1.868951e-01,1.863377e-01,1.859449e-01,1.855322e-01,1.849189e-01,1.837905e-01,1.824246e-01,1.816237e-01,1.811706e-01,1.808352e-01,1.805106e-01,1.801129e-01,1.795119e-01,1.785225e-01,1.773768e-01,1.766088e-01,1.761473e-01,1.758217e-01,1.755431e-01,1.752585e-01,1.749177e-01,1.744451e-01,1.737268e-01,1.727638e-01,1.719028e-01,1.713302e-01,1.709505e-01,1.706672e-01,1.704257e-01,1.701927e-01,1.699410e-01,1.696387e-01,1.692381e-01,1.686709e-01,1.679094e-01,1.671113e-01,1.664863e-01,1.660514e-01,1.657387e-01,1.654940e-01,1.652840e-01,1.650874e-01,1.648876e-01,1.646690e-01,1.644115e-01,0.000000e+00,2.039358e-18,1.071203e-17,3.260988e-17,8.123818e-17,1.741794e-16,3.060291e-16,4.943826e-16,7.871526e-16,1.295921e-15,2.291005e-15,4.606149e-15,1.160833e-14,4.663617e-14,5.358653e-13,8.972615e-12,2.176635e-08,5.620715e-09,6.305657e-08,6.723247e-08,6.079982e-09,2.820245e-09,3.831850e-09,2.412834e-08,2.250629e-07,3.182254e-08,1.048510e-08,2.638201e-08,1.339153e-07,2.630944e-08,6.455267e-09,3.587238e-09,5.544918e-09,2.778368e-08,5.771351e-08,1.377854e-08,4.135073e-09,2.288995e-09,2.676281e-09,7.726092e-09,2.921892e-08,2.064184e-08,5.879463e-09,2.236574e-09,1.301679e-09,1.233047e-09,2.110557e-09,6.259311e-09,1.750935e-08,1.411138e-08,5.090602e-09,2.021207e-09,1.075367e-09,7.947505e-10,8.587578e-10,1.417554e-09,3.414632e-09,9.071874e-09,1.314381e-08,7.464125e-09,3.119903e-09,1.462152e-09,8.475438e-10,6.223396e-10,5.943599e-10,7.574908e-10,1.287886e-09,2.770712e-09,6.400662e-09,1.083123e-08,9.242017e-09,4.856597e-09,2.353300e-09,1.265130e-09,7.940864e-10,5.918072e-10,5.311879e-10,5.819114e-10,7.813771e-10,1.270268e-09
3,3.000000e+08,3.000000e+08,1.764066e+02,1.252634e+02,1.890000e-01,2.100000e-03,0.000000e+00,2.075260e-01,2.075248e-01,2.075235e-01,2.075220e-01,2.075204e-01,2.075188e-01,2.075172e-01,2.075156e-01,2.075138e-01,2.075119e-01,2.075095e-01,2.075065e-01,2.075021e-01,2.074936e-01,2.074778e-01,2.072354e-01,2.063453e-01,2.054837e-01,2.024397e-01,2.016960e-01,2.013856e-01,2.010623e-01,2.004430e-01,1.985303e-01,1.968924e-01,1.962112e-01,1.954197e-01,1.936067e-01,1.920911e-01,1.914791e-01,1.910632e-01,1.905798e-01,1.896938e-01,1.880455e-01,1.868952e-01,1.863377e-01,1.859449e-01,1.855322e-01,1.849189e-01,1.837904e-01,1.824246e-01,1.816236e-01,1.811706e-01,1.808352e-01,1.805106e-01,1.801129e-01,1.795119e-01,1.785225e-01,1.773767e-01,1.766087e-01,1.761473e-01,1.758217e-01,1.755431e-01,1.752585e-01,1.749177e-01,1.744451e-01,1.737268e-01,1.727638e-01,1.719027e-01,1.713302e-01,1.709505e-01,1.706672e-01,1.704257e-01,1.701927e-01,1.699410e-01,1.696387e-01,1.692381e-01,1.686709e-01,1.679094e-01,1.671113e-01,1.664863e-01,1.660514e-01,1.657387e-01,1.654940e-01,1.652840e-01,1.650874e-01,1.648876e-01,1.646690e-01,1.644115e-01,0.000000e+00,8.978638e-19,4.690425e-18,1.420551e-17,3.522566e-17,7.529324e-17,1.322655e-16,2.137938e-16,3.404001e-16,5.599677e-16,9.887960e-16,1.987177e-15,5.019753e-15,2.032734e-14,2.369384e-13,3.999165e-12,9.766212e-09,2.495978e-09,2.770336e-08,2.953192e-08,2.660663e-09,1.224991e-09,1.647320e-09,1.027277e-08,9.554620e-08,1.356561e-08,4.529518e-09,1.163304e-08,5.946892e-08,1.174566e-08,2.935351e-09,1.703411e-09,2.813971e-09,1.474145e-08,3.094211e-08,7.427835e-09,2.279955e-09,1.334795e-09,1.705949e-09,5.316985e-09,2.074072e-08,1.471262e-08,4.198231e-09,1.621446e-09,9.818300e-10,9.932998e-10,1.824917e-09,5.672807e-09,1.617026e-08,1.306763e-08,4.706389e-09,1.873056e-09,1.009220e-09,7.658900e-10,8.587741e-10,1.469763e-09,3.630793e-09,9.770275e-09,1.420983e-08,8.059020e-09,3.357020e-09,1.568133e-09,9.077478e-10,6.675951e-10,6.401766e-10,8.198034e-10,1.399329e-09,3.018505e-09,6.984174e-09,1.182445e-08,1.008089e-08,5.284238e-09,2.549357e-09,1.361751e-09,8.474238e-10,6.248331e-10,5.539040e-10,5.988505e-10,7.941790e-10,1.277917e-09
4,3.000000e+08,3.000000e+08,1.725167e+02,1.026317e+02,1.890000e-01,2.100000e-03,0.000000e+00,2.075260e-01,2.075248e-01,2.075235e-01,2.075220e-01,2.075204e-01,2.075188e-01,2.075172e-01,2.075156e-01,2.075138e-01,2.075119e-01,2.075095e-01,2.075065e-01,2.075021e-01,2.074936e-01,2.074778e-01,2.072353e-01,2.063453e-01,2.054836e-01,2.024396e-01,2.016960e-01,2.013856e-01,2.010623e-01,2.004429e-01,1.985301e-01,1.968924e-01,1.962111e-01,1.954197e-01,1.936067e-01,1.920911e-01,1.914791e-01,1.910632e-01,1.905798e-01,1.896937e-01,1.880454e-01,1.868951e-01,1.863377e-01,1.859449e-01,1.855323e-01,1.849189e-01,1.837905e-01,1.824246e-01,1.816237e-01,1.811706e-01,1.808352e-01,1.805106e-01,1.801129e-01,1.795119e-01,1.785225e-01,1.773768e-01,1.766088e-01,1.761473e-01,1.758217e-01,1.755431e-01,1.752585e-01,1.749177e-01,1.744451e-01,1.737267e-01,1.727637e-01,1.719027e-01,1.713302e-01,1.709504e-01,1.706671e-01,1.704257e-01,1.701927e-01,1.699410e-01,1.696387e-01,1.692381e-01,1.686709e-01,1.679094e-01,1.671113e-01,1.664863e-01,1.660514e-01,1.657387e-01,1.654940e-01,1.652840e-01,1.650874e-01,1.648876e-01,1.646690e-01,1.644115e-01,0.000000e+00,1.491632e-18,7.823280e-18,2.378244e-17,5.917338e-17,1.267742e-16,2.227644e-16,3.599656e-16,5.731297e-16,9.432949e-16,1.667023e-15,3.351586e-15,8.455350e-15,3.407358e-14,3.936538e-13,6.612168e-12,1.608883e-08,4.134556e-09,4.620497e-08,4.927665e-08,4.449027e-09,2.058602e-09,2.790778e-09,1.754383e-08,1.635551e-07,2.316667e-08,7.684990e-09,1.957380e-08,9.984420e-08,1.964787e-08,4.850963e-09,2.740416e-09,4.351220e-09,2.222341e-08,4.636889e-08,1.108205e-08,3.347999e-09,1.888423e-09,2.279251e-09,6.771563e-09,2.591882e-08,1.833493e-08,5.220145e-09,1.993109e-09,1.174036e-09,1.136473e-09,1.993307e-09,6.011197e-09,1.693015e-08,1.365595e-08,4.920419e-09,1.952981e-09,1.041915e-09,7.756023e-10,8.472102e-10,1.413889e-09,3.432273e-09,9.154707e-09,1.327804e-08,7.535254e-09,3.144638e-09,1.471005e-09,8.512795e-10,6.244020e-10,5.960026e-10,7.593389e-10,1.290616e-09,2.775861e-09,6.411667e-09,1.084850e-08,9.253472e-09,4.858571e-09,2.350718e-09,1.260822e-09,7.888518e-10,5.855247e-10,5.230699e-10,5.701848e-10,7.621153e-10,1.234327e-09
5,3.000000e+08,3.000000e+08,1.744130e+02,1.003513e+02,1.890000e-01,2.100000e-03,0.000000e+00,2.075260e-01,2.075248e-01,2.075235e-01,2.075220e-01,2.075204e-01,2.075188e-01,2.075172e-01,2.075156e-01,2.075138e-01,2.075119e-01,2.075095e-01,2.075065e-01,2.075021e-01,2.074936e-01,2.074778e-01,2.072352e-01,2.063453e-01,2.054836e-01,2.024395e-01,2.016960e-01,2.013856e-01,2.010623e-01,2.004429e-01,1.985301e-01,1.968924e-01,1.962111e-01,1.954197e-01,1.936066e-01,1.920911e-01,1.914791e-01,1.910632e-01,1.905798e-01,1.896937e-01,1.880454e-01,1.868951e-01,1.863377e-01,1.859449e-01,1.855323e-01,1.849189e-01,1.837905e-01,1.824246e-01,1.816237e-01,1.811706e-01,1.808352e-01,1.805106e-01,1.801129e-01,1.795119e-01,1.785225e-01,1.773768e-01,1.766088e-01,1.761473e-01,1.758217e-01,1.755431e-01,1.752585e-01,1.749177e-01,1.744451e-01,1.737267e-01,1.727638e-01,1.719027e-01,1.713302e-01,1.709504e-01,1.706671e-01,1.704257e-01,1.701927e-01,1.699410e-01,1.696387e-01,1.692381e-01,1.686709e-01,1.679094e-01,1.671113e-01,1.664863e-01,1.660514e-01,1.657387e-01,1.654940e-01,1.652840e-01,1.650874e-01,1.648876e-01,1.646690e-01,1.644115e-01,0.000000e+00,1.557823e-18,8.179753e-18,2.489566e-17,6.201840e-17,1.329791e-16,2.336625e-16,3.775347e-16,6.012363e-16,9.902883e-16,1.752279e-15,3.529078e-15,8.921523e-15,3.603587e-14,4.172905e-13,7.016948e-12,1.708755e-08,4.387502e-09,4.902533e-08,5.225855e-08,4.715938e-09,2.180438e-09,2.954771e-09,1.858479e-08,1.733094e-07,2.452916e-08,8.115435e-09,2.060533e-08,1.050150e-07,2.064493e-08,5.081763e-09,2.851180e-09,4.480965e-09,2.273507e-08,4.736517e-08,1.130812e-08,3.402733e-09,1.901039e-09,2.259648e-09,6.624014e-09,2.521563e-08,1.782365e-08,5.072536e-09,1.931331e-09,1.129452e-09,1.080154e-09,1.869516e-09,5.587364e-09,1.567935e-08,1.264096e-08,4.556713e-09,1.808260e-09,9.627612e-10,7.134899e-10,7.744620e-10,1.284527e-09,3.104798e-09,8.262936e-09,1.197701e-08,6.799481e-09,2.840253e-09,1.330183e-09,7.707130e-10,5.659254e-10,5.407421e-10,6.896616e-10,1.173346e-09,2.525443e-09,5.835536e-09,9.875832e-09,8.426270e-09,4.426896e-09,2.144200e-09,1.152050e-09,7.225910e-10,5.380899e-10,4.825719e-10,5.282374e-10,7.088207e-10,1.151693e-09
6,3.000000e+08,3.000000e+08,1.890514e+02,9.875229e+01,1.890000e-01,2.100000e-03,0.000000e+00,2.075260e-01,2.075248e-01,2.075235e-01,2.075220e-01,2.075204e-01,2.075188e-01,2.075172e-01,2.075156e-01,2.075138e-01,2.075119e-01,2.075095e-01,2.075065e-01,2.075021e-01,2.074936e-01,2.074778e-01,2.072353e-01,2.063453e-01,2.054835e-01,2.024395e-01,2.016960e-01,2.013856e-01,2.010623e-01,2.004429e-01,1.985300e-01,1.968923e-01,1.962111e-01,1.954197e-01,1.936067e-01,1.920911e-01,1.914791e-01,1.910632e-01,1.905798e-01,1.896937e-01,1.880454e-01,1.868951e-01,1.863377e-01,1.859449e-01,1.855322e-01,1.849189e-01,1.837904e-01,1.824246e-01,1.816236e-01,1.811706e-01,1.808352e-01,1.805106e-01,1.801129e-01,1.795119e-01,1.785225e-01,1.773768e-01,1.766088e-01,1.761473e-01,1.758217e-01,1.755431e-01,1.752585e-01,1.749177e-01,1.744451e-01,1.737268e-01,1.727638e-01,1.719028e-01,1.713302e-01,1.709505e-01,1.706672e-01,1.704257e-01,1.701927e-01,1.699410e-01,1.696387e-01,1.692381e-01,1.686709e-01,1.679094e-01,1.671112e-01,1.664863e-01,1.660514e-01,1.657387e-01,1.654940e-01,1.652840e-01,1.650874e-01,1.648876e-01,1.646690e-01,1.644115e-01,0.000000e+00,1.528549e-18,8.057569e-18,2.462370e-17,6.159942e-17,1.324887e-16,2.328969e-16,3.762499e-16,5.995447e-16,9.897342e-16,1.759069e-15,3.567442e-15,9.107006e-15,3.728730e-14,4.392505e-13,7.454480e-12,1.829801e-08,4.643537e-09,5.157890e-08,5.492448e-08,4.934801e-09,2.271659e-09,3.087332e-09,1.958829e-08,1.832098e-07,2.591606e-08,8.603144e-09,2.218941e-08,1.140663e-07,2.232827e-08,5.444437e-09,3.011952e-09,4.657156e-09,2.344430e-08,4.874693e-08,1.157323e-08,3.430097e-09,1.857408e-09,2.102832e-09,5.899814e-09,2.204919e-08,1.553916e-08,4.412628e-09,1.661815e-09,9.458965e-10,8.636465e-10,1.416734e-09,4.074934e-09,1.125340e-08,9.053336e-09,3.270457e-09,1.297185e-09,6.850203e-10,4.975905e-10,5.240710e-10,8.422941e-10,1.989399e-09,5.230871e-09,7.554715e-09,4.294988e-09,1.800616e-09,8.463746e-10,4.913395e-10,3.603057e-10,3.426373e-10,4.341155e-10,7.340315e-10,1.572929e-09,3.625295e-09,6.129209e-09,5.231377e-09,2.752669e-09,1.336755e-09,7.206907e-10,4.537829e-10,3.392066e-10,3.051902e-10,3.348403e-10,4.499430e-10,7.316507e-10
7,3.000000e+08,3.000000e+08,3.000000e+02,9.373840e+01,1.890000e-01,2.100000e-03,0.000000e+00,2.075260e-01,2.075248e-01,2.075235e-01,2.075220e-01,2.075204e-01,2.075188e-01,2.075172e-01,2.075156e-01,2.075138e-01,2.075119e-01,2.075095e-01,2.075065e-01,2.075021e-01,2.074936e-01,2.074778e-01,2.072353e-01,2.063453e-01,2.054835e-01,2.024395e-01,2.016960e-01,2.013856e-01,2.010623e-01,2.004429e-01,1.985302e-01,1.968924e-01,1.962111e-01,1.954197e-01,1.936065e-01,1.920910e-01,1.914791e-01,1.910632e-01,1.905799e-01,1.896939e-01,1.880457e-01,1.868953e-01,1.863377e-01,1.859449e-01,1.855323e-01,1.849189e-01,1.837904e-01,1.824246e-01,1.816236e-01,1.811706e-01,1.808352e-01,1.805106e-01,1.801129e-01,1.795119e-01,1.785225e-01,1.773767e-01,1.766087e-01,1.761473e-01,1.758217e-01,1.755431e-01,1.752585e-01,1.749177e-01,1.744452e-01,1.737268e-01,1.727638e-01,1.719028e-01,1.713302e-01,1.709505e-01,1.706672e-01,1.704257e-01,1.701927e-01,1.699410e-01,1.696388e-01,1.692381e-01,1.686710e-01,1.679094e-01,1.671113e-01,1.664864e-01,1.660514e-01,1.657387e-01,1.654940e-01,1.652840e-01,1.650874e-01,1.648876e-01,1.646690e-01,1.644115e-01,0.000000e+00,1.258624e-18,6.747727e-18,2.099552e-17,5.352885e-17,1.165099e-16,2.040688e-16,3.285166e-16,5.259121e-16,8.817876e-16,1.607645e-15,3.372358e-15,8.961511e-15,3.842421e-14,4.750154e-13,8.249642e-12,2.066836e-08,5.091980e-09,5.592015e-08,5.942895e-08,5.267456e-09,2.381986e-09,3.229122e-09,2.098504e-08,1.988091e-07,2.744207e-08,8.387266e-09,1.928877e-08,9.569637e-08,1.837248e-08,4.177013e-09,1.935441e-09,2.186213e-09,8.519591e-09,1.666602e-08,3.969142e-09,1.124402e-09,5.064235e-10,3.777096e-10,6.135564e-10,1.680601e-09,1.165415e-09,3.612375e-10,1.435880e-10,7.619728e-11,5.222437e-11,4.968538e-11,7.642399e-11,1.458505e-10,1.148929e-10,4.899641e-11,2.348867e-11,1.383659e-11,9.551886e-12,7.577494e-12,7.090405e-12,8.460563e-12,1.272576e-11,1.491735e-11,9.658099e-12,5.425152e-12,3.440105e-12,2.470652e-12,1.937271e-12,1.619985e-12,1.437720e-12,1.368449e-12,1.438552e-12,1.695328e-12,1.952990e-12,1.706906e-12,1.234292e-12,9.090222e-13,7.182672e-13,6.001325e-13,5.206261e-13,4.636362e-13,4.215409e-13,3.909648e-13,3.711619e-13
8,3.000000e+08,3.000000e+08,3.000000e+02,9.551863e+01,1.890000e-01,2.100000e-03,0.000000e+00,2.075260e-01,2.075248e-01,2.075235e-01,2.075220e-01,2.075204e-01,2.075188e-01,2.075172e-01,2.075156e-01,2.075138e-01,2.075119e-01,2.075095e-01,2.075065e-01,2.075021e-01,2.074936e-01,2.074778e-01,2.072352e-01,2.063452e-01,2.054836e-01,2.024396e-01,2.016960e-01,2.013856e-01,2.010623e-01,2.004429e-01,1.985299e-01,1.968923e-01,1.962111e-01,1.954198e-01,1.936068e-01,1.920911e-01,1.914791e-01,1.910632e-01,1.905799e-01,1.896938e-01,1.880455e-01,1.868952e-01,1.863377e-01,1.859449e-01,1.855323e-01,1.849189e-01,1.837904e-01,1.824246e-01,1.816236e-01,1.811706e-01,1.808352e-01,1.805106e-01,1.801129e-01,1.795119e-01,1.785225e-01,1.773767e-01,1.766087e-01,1.761473e-01,1.758217e-01,1.755431e-01,1.752585e-01,1.749177e-01,1.744452e-01,1.737268e-01,1.727638e-01,1.719028e-01,1.713302e-01,1.709505e-01,1.706672e-01,1.704257e-01,1.701927e-01,1.699410e-01,1.696388e-01,1.692381e-01,1.686710e-01,1.679094e-01,1.671113e-01,1.664864e-01,1.660514e-01,1.657387e-01,1.654940e-01,1.652840e-01,1.650874e-01,1.648876e-01,1.646690e-01,1.644115e-01,0.000000e+00,1.206252e-18,6.467770e-18,2.012728e-17,5.132338e-17,1.117259e-16,1.957089e-16,3.150720e-16,5.043948e-16,8.457664e-16,1.542269e-15,3.236431e-15,8.605653e-15,3.693613e-14,4.573052e-13,7.950094e-12,1.993842e-08,4.903950e-09,5.382283e-08,5.722876e-08,5.071817e-09,2.294485e-09,3.115519e-09,2.028492e-08,1.921989e-07,2.653007e-08,8.123840e-09,1.874863e-08,9.318071e-08,1.789217e-08,4.066946e-09,1.886075e-09,2.136218e-09,8.349459e-09,1.634091e-08,3.889513e-09,1.101333e-09,4.961718e-10,3.708059e-10,6.047713e-10,1.661450e-09,1.152144e-09,3.566205e-10,1.415400e-10,7.504356e-11,5.145234e-11,4.907577e-11,7.584479e-11,1.452791e-10,1.144387e-10,4.868280e-11,2.326952e-11,1.367374e-11,9.424689e-12,7.474676e-12,7.006096e-12,8.395050e-12,1.269269e-11,1.491079e-11,9.633505e-12,5.389221e-12,3.403802e-12,2.437153e-12,1.907026e-12,1.592888e-12,1.413582e-12,1.347303e-12,1.420990e-12,1.682981e-12,1.946073e-12,1.699686e-12,1.224151e-12,8.975903e-13,7.068138e-13,5.891187e-13,5.102229e-13,4.538873e-13,4.124529e-13,3.825399e-13,3.634209e-13
9,3.000000e+08,3.000000e+08,3.000000e+02,9.901716e+01,1.890000e-01,2.100000e-03,0.000000e+00,2.075260e-01,2.075248e-01,2.075235e-01,2.075220e-01,2.075204e-01,2.075188e-01,2.075172e-01,2.075156e-01,2.075138e-01,2.075119e-01,2.075095e-01,2.075065e-01,2.075021e-01,2.074936e-01,2.074778e-01,2.072352e-01,2.063453e-01,2.054836e-01,2.024396e-01,2.016960e-01,2.013856e-01,2.010623e-01,2.004429e-01,1.985300e-01,1.968923e-01,1.962111e-01,1.954198e-01,1.936068e-01,1.920911e-01,1.914791e-01,1.910632e-01,1.905799e-01,1.896938e-01,1.880455e-01,1.868952e-01,1.863377e-01,1.859449e-01,1.855323e-01,1.849189e-01,1.837904e-01,1.824246e-01,1.816236e-01,1.811706e-01,1.808352e-01,1.805106e-01,1.801129e-01,1.795119e-01,1.785225e-01,1.773767e-01,1.766087e-01,1.761473e-01,1.758217e-01,1.755431e-01,1.752585e-01,1.749177e-01,1.744451e-01,1.737268e-01,1.727638e-01,1.719028e-01,1.713302e-01,1.709505e-01,1.706672e-01,1.704257e-01,1.701927e-01,1.699410e-01,1.696388e-01,1.692381e-01,1.686709e-01,1.679094e-01,1.671113e-01,1.664864e-01,1.660514e-01,1.657387e-01,1.654940e-01,1.652840e-01,1.650874e-01,1.648876e-01,1.646690e-01,1.644115e-01,0.000000e+00,1.110463e-18,5.955507e-18,1.853782e-17,4.728369e-17,1.029591e-16,1.803858e-16,2.904288e-16,4.649549e-16,7.797285e-16,1.422357e-15,2.986914e-15,7.951755e-15,3.419844e-14,4.246753e-13,7.395306e-12,1.858004e-08,4.558480e-09,4.995618e-08,5.312869e-08,4.706661e-09,2.129298e-09,2.895449e-09,1.888753e-08,1.790565e-07,2.473080e-08,7.592819e-09,1.761676e-08,8.774783e-08,1.684428e-08,3.829133e-09,1.779180e-09,2.025204e-09,7.957240e-09,1.559438e-08,3.708907e-09,1.049421e-09,4.731395e-10,3.550622e-10,5.837898e-10,1.613359e-09,1.118873e-09,3.453843e-10,1.366963e-10,7.236290e-11,4.966452e-11,4.762905e-11,7.433634e-11,1.434762e-10,1.130138e-10,4.783954e-11,2.273177e-11,1.329270e-11,9.134468e-12,7.242170e-12,6.813124e-12,8.235442e-12,1.258517e-11,1.484990e-11,9.552877e-12,5.300096e-12,3.320871e-12,2.363197e-12,1.841476e-12,1.534722e-12,1.361917e-12,1.301816e-12,1.382494e-12,1.654241e-12,1.927717e-12,1.681408e-12,1.201242e-12,8.729620e-13,6.825921e-13,5.661050e-13,4.886411e-13,4.337699e-13,3.937699e-13,3.652625e-13,3.475659e-13
10,3.000000e+08,3.000000e+08,2.915211e+02,9.985063e+01,1.890000e-01,2.100000e-03,0.000000e+00,2.075260e-01,2.075248e-01,2.075235e-01,2.075220e-01,2.075204e-01,2.075188e-01,2.075172e-01,2.075156e-01,2.075138e-01,2.075119e-01,2.075095e-01,2.075065e-01,2.075021e-01,2.074936e-01,2.074778e-01,2.072352e-01,2.063453e-01,2.054837e-01,2.024396e-01,2.016960e-01,2.013856e-01,2.010623e-01,2.004429e-01,1.985300e-01,1.968923e-01,1.962111e-01,1.954198e-01,1.936068e-01,1.920911e-01,1.914791e-01,1.910632e-01,1.905799e-01,1.896938e-01,1.880455e-01,1.868952e-01,1.863377e-01,1.859449e-01,1.855323e-01,1.849189e-01,1.837904e-01,1.824246e-01,1.816236e-01,1.811706e-01,1.808352e-01,1.805106e-01,1.801129e-01,1.795119e-01,1.785225e-01,1.773767e-01,1.766087e-01,1.761473e-01,1.758217e-01,1.755431e-01,1.752585e-01,1.749177e-01,1.744452e-01,1.737268e-01,1.727638e-01,1.719028e-01,1.713302e-01,1.709505e-01,1.706672e-01,1.704257e-01,1.701927e-01,1.699410e-01,1.696388e-01,1.692381e-01,1.686710e-01,1.679094e-01,1.671113e-01,1.664864e-01,1.660514e-01,1.657387e-01,1.654940e-01,1.652840e-01,1.650874e-01,1.648876e-01,1.646690e-01,1.644115e-01,0.000000e+00,1.106699e-18,5.931776e-18,1.845168e-17,4.702974e-17,1.023686e-16,1.794231e-16,2.889538e-16,4.624566e-16,7.748456e-16,1.411541e-15,2.959179e-15,7.862568e-15,3.374042e-14,4.180535e-13,7.272501e-12,1.825711e-08,4.483826e-09,4.916702e-08,5.229992e-08,4.638676e-09,2.103915e-09,2.871320e-09,1.876262e-08,1.778753e-07,2.462291e-08,7.626136e-09,1.795110e-08,8.987749e-08,1.726076e-08,3.937002e-09,1.850389e-09,2.158157e-09,8.680812e-09,1.711274e-08,4.060633e-09,1.148087e-09,5.216951e-10,4.019815e-10,6.923949e-10,1.977150e-09,1.372117e-09,4.178727e-10,1.632026e-10,8.589699e-11,5.949803e-11,5.906929e-11,9.777604e-11,1.972942e-10,1.555547e-10,6.412355e-11,2.952020e-11,1.682789e-11,1.140016e-11,9.058093e-12,8.755521e-12,1.121082e-11,1.832293e-11,2.223530e-11,1.395262e-11,7.368492e-12,4.400241e-12,3.016922e-12,2.293301e-12,1.888281e-12,1.680236e-12,1.643252e-12,1.834247e-12,2.357072e-12,2.894873e-12,2.504727e-12,1.696926e-12,1.161623e-12,8.657005e-13,6.937263e-13,5.850881e-13,5.120411e-13,4.619256e-13,4.295028e-13,4.142568e-13
11,3.000000e+08,3.000000e+08,2.827866e+02,1.005292e+02,1.890000e-01,2.100000e-03,0.000000e+00,2.075260e-01,2.075248e-01,2.075235e-01,2.075220e-01,2.075204e-01,2.075188e-01,2.075172e-01,2.075156e-01,2.075138e-01,2.075119e-01,2.075095e-01,2.075065e-01,2.075021e-01,2.074936e-01,2.074778e-01,2.072352e-01,2.063453e-01,2.054836e-01,2.024395e-01,2.016960e-01,2.013856e-01,2.010623e-01,2.004429e-01,1.985301e-01,1.968924e-01,1.962111e-01,1.954197e-01,1.936067e-01,1.920911e-01,1.914791e-01,1.910632e-01,1.905798e-01,1.896938e-01,1.880455e-01,1.868952e-01,1.863377e-01,1.859449e-01,1.855323e-01,1.849189e-01,1.837904e-01,1.824246e-01,1.816236e-01,1.811706e-01,1.808352e-01,1.805106e-01,1.801129e-01,1.795119e-01,1.785225e-01,1.773767e-01,1.766087e-01,1.761473e-01,1.758217e-01,1.755431e-01,1.752585e-01,1.749177e-01,1.744452e-01,1.737268e-01,1.727638e-01,1.719028e-01,1.713302e-01,1.709505e-01,1.706672e-01,1.704257e-01,1.701927e-01,1.699410e-01,1.696388e-01,1.692381e-01,1.686710e-01,1.679095e-01,1.671113e-01,1.664864e-01,1.660514e-01,1.657387e-01,1.654940e-01,1.652841e-01,1.650874e-01,1.648876e-01,1.646690e-01,1.644115e-01,0.000000e+00,1.108332e-18,5.936263e-18,1.845091e-17,4.698690e-17,1.022249e-16,1.792347e-16,2.887288e-16,4.619693e-16,7.733311e-16,1.406841e-15,2.944343e-15,7.808904e-15,3.345067e-14,4.138738e-13,7.195668e-12,1.805321e-08,4.437674e-09,4.864378e-08,5.171543e-08,4.588092e-09,2.080366e-09,2.833776e-09,1.845869e-08,1.748012e-07,2.424471e-08,7.555301e-09,1.795029e-08,9.015576e-08,1.733181e-08,3.970410e-09,1.888630e-09,2.255680e-09,9.275861e-09,1.838746e-08,4.355871e-09,1.232198e-09,5.653398e-10,4.482455e-10,8.094510e-10,2.386222e-09,1.657518e-09,4.986150e-10,1.924782e-10,1.009381e-10,7.078110e-11,7.301351e-11,1.283135e-10,2.701857e-10,2.132798e-10,8.581812e-11,3.836847e-11,2.136447e-11,1.430206e-11,1.142861e-11,1.140768e-11,1.553449e-11,2.711873e-11,3.412807e-11,2.093662e-11,1.055150e-11,6.007627e-12,3.964763e-12,2.938115e-12,2.392859e-12,2.144262e-12,2.164017e-12,2.568878e-12,3.576095e-12,4.636990e-12,3.982901e-12,2.557694e-12,1.641175e-12,1.156972e-12,8.893404e-13,7.287281e-13,6.264508e-13,5.609458e-13,5.237409e-13,5.148836e-13
12,3.000000e+08,3.000000e+08,2.579642e+02,1.014484e+02,1.890000e-01,2.100000e-03,0.000000e+00,2.075260e-01,2.075248e-01,2.075235e-01,2.075220e-01,2.075204e-01,2.075188e-01,2.075172e-01,2.075156e-01,2.075138e-01,2.075119e-01,2.075095e-01,2.075065e-01,2.075021e-01,2.074936e-01,2.074778e-01,2.072352e-01,2.063453e-01,2.054836e-01,2.024395e-01,2.016960e-01,2.013856e-01,2.010623e-01,2.004429e-01,1.985301e-01,1.968924e-01,1.962111e-01,1.954197e-01,1.936067e-01,1.920911e-01,1.914791e-01,1.910632e-01,1.905798e-01,1.896937e-01,1.880455e-01,1.868952e-01,1.863377e-01,1.859449e-01,1.855322e-01,1.849189e-01,1.837904e-01,1.824246e-01,1.816236e-01,1.811706e-01,1.808352e-01,1.805106e-01,1.801129e-01,1.795119e-01,1.785224e-01,1.773767e-01,1.766087e-01,1.761473e-01,1.758217e-01,1.755431e-01,1.752585e-01,1.749177e-01,1.744452e-01,1.737268e-01,1.727638e-01,1.719028e-01,1.713302e-01,1.709505e-01,1.706672e-01,1.704257e-01,1.701927e-01,1.699410e-01,1.696388e-01,1.692381e-01,1.686710e-01,1.679094e-01,1.671113e-01,1.664864e-01,1.660514e-01,1.657387e-01,1.654940e-01,1.652840e-01,1.650874e-01,1.648876e-01,1.646690e-01,1.644115e-01,0.000000e+00,1.145671e-18,6.121160e-18,1.897395e-17,4.817634e-17,1.046322e-16,1.836416e-16,2.960671e-16,4.732921e-16,7.899426e-16,1.430284e-15,2.975081e-15,7.833711e-15,3.328027e-14,4.081936e-13,7.066827e-12,1.766223e-08,4.364517e-09,4.791075e-08,5.094662e-08,4.530324e-09,2.060546e-09,2.808209e-09,1.820713e-08,1.719783e-07,2.399367e-08,7.628837e-09,1.867823e-08,9.475251e-08,1.827276e-08,4.241809e-09,2.092892e-09,2.680484e-09,1.172201e-08,2.358864e-08,5.568715e-09,1.581663e-09,7.490702e-10,6.468814e-10,1.327985e-09,4.238633e-09,2.952536e-09,8.638550e-10,3.253731e-10,1.704593e-10,1.250670e-10,1.445963e-10,2.968604e-10,6.904578e-10,5.471251e-10,2.090525e-10,8.769749e-11,4.645470e-11,3.053946e-11,2.522145e-11,2.801018e-11,4.510060e-11,9.183433e-11,1.220179e-10,7.220515e-11,3.308171e-11,1.697470e-11,1.025877e-11,7.173661e-12,5.745418e-12,5.352225e-12,6.030130e-12,8.567880e-12,1.450544e-11,2.112696e-11,1.793459e-11,1.033295e-11,5.729095e-12,3.509377e-12,2.404624e-12,1.813474e-12,1.485337e-12,1.317217e-12,1.276326e-12,1.380446e-12
13,3.000000e+08,3.000000e+08,2.774665e+02,1.007186e+02,1.890000e-01,2.100000e-03,0.000000e+00,2.075260e-01,2.075248e-01,2.075235e-01,2.075220e-01,2.075204e-01,2.075188e-01,2.075172e-01,2.075156e-01,2.075138e-01,2.075119e-01,2.075095e-01,2.075065e-01,2.075021e-01,2.074936e-01,2.074778e-01,2.072352e-01,2.063453e-01,2.054836e-01,2.024395e-01,2.016960e-01,2.013856e-01,2.010623e-01,2.004429e-01,1.985301e-01,1.968924e-01,1.962111e-01,1.954197e-01,1.936067e-01,1.920911e-01,1.914791e-01,1.910632e-01,1.905798e-01,1.896938e-01,1.880455e-01,1.868952e-01,1.863377e-01,1.859449e-01,1.855323e-01,1.849189e-01,1.837904e-01,1.824246e-01,1.816236e-01,1.811706e-01,1.808352e-01,1.805106e-01,1.801129e-01,1.795119e-01,1.785225e-01,1.773767e-01,1.766088e-01,1.761473e-01,1.758217e-01,1.755431e-01,1.752585e-01,1.749177e-01,1.744451e-01,1.737268e-01,1.727638e-01,1.719028e-01,1.713302e-01,1.709505e-01,1.706672e-01,1.704257e-01,1.701927e-01,1.699410e-01,1.696388e-01,1.692381e-01,1.686710e-01,1.679094e-01,1.671113e-01,1.664864e-01,1.660514e-01,1.657387e-01,1.654940e-01,1.652840e-01,1.650874e-01,1.648876e-01,1.646690e-01,1.644115e-01,0.000000e+00,1.115720e-18,5.973075e-18,1.855575e-17,4.722700e-17,1.027158e-16,1.801410e-16,2.902393e-16,4.642896e-16,7.766987e-16,1.411451e-15,2.949700e-15,7.808747e-15,3.337085e-14,4.117249e-13,7.147990e-12,1.791295e-08,4.409528e-09,4.838161e-08,5.144447e-08,4.568482e-09,2.075549e-09,2.834277e-09,1.848111e-08,1.750010e-07,2.430723e-08,7.617019e-09,1.825781e-08,9.198363e-08,1.769066e-08,4.062466e-09,1.947336e-09,2.362179e-09,9.852452e-09,1.959827e-08,4.637538e-09,1.312107e-09,6.055592e-10,4.886195e-10,9.074444e-10,2.724152e-09,1.893219e-09,5.656189e-10,2.169377e-10,1.135790e-10,8.028783e-11,8.477328e-11,1.542055e-10,3.323784e-10,2.625733e-10,1.043049e-10,4.590269e-11,2.523604e-11,1.679302e-11,1.348261e-11,1.373748e-11,1.940244e-11,3.512693e-11,4.479872e-11,2.717708e-11,1.337189e-11,7.422166e-12,4.795891e-12,3.503651e-12,2.837143e-12,2.556040e-12,2.632227e-12,3.242423e-12,4.719398e-12,6.295518e-12,5.389006e-12,3.366806e-12,2.085745e-12,1.424191e-12,1.067854e-12,8.597837e-13,7.313253e-13,6.525703e-13,6.122064e-13,6.112566e-13
14,3.000000e+08,3.000000e+08,2.786982e+02,1.003955e+02,1.890000e-01,2.100000e-03,0.000000e+00,2.075260e-01,2.075248e-01,2.075235e-01,2.075220e-01,2.075204e-01,2.075188e-01,2.075172e-01,2.075156e-01,2.075138e-01,2.075119e-01,2.075095e-01,2.075065e-01,2.075021e-01,2.074936e-01,2.074778e-01,2.072352e-01,2.063453e-01,2.054836e-01,2.024395e-01,2.016960e-01,2.013856e-01,2.010623e-01,2.004429e-01,1.985301e-01,1.968923e-01,1.962111e-01,1.954197e-01,1.936067e-01,1.920911e-01,1.914791e-01,1.910632e-01,1.905798e-01,1.896938e-01,1.880455e-01,1.868952e-01,1.863377e-01,1.859449e-01,1.855323e-01,1.849189e-01,1.837904e-01,1.824246e-01,1.816236e-01,1.811706e-01,1.808352e-01,1.805106e-01,1.801129e-01,1.795119e-01,1.785225e-01,1.773767e-01,1.766087e-01,1.761473e-01,1.758217e-01,1.755431e-01,1.752585e-01,1.749177e-01,1.744452e-01,1.737268e-01,1.727638e-01,1.719028e-01,1.713302e-01,1.709505e-01,1.706672e-01,1.704257e-01,1.701927e-01,1.699410e-01,1.696388e-01,1.692381e-01,1.686710e-01,1.679095e-01,1.671113e-01,1.664864e-01,1.660514e-01,1.657387e-01,1.654940e-01,1.652841e-01,1.650874e-01,1.648876e-01,1.646690e-01,1.644115e-01,0.000000e+00,1.121283e-18,6.003446e-18,1.865222e-17,4.747870e-17,1.032692e-16,1.810960e-16,2.917626e-16,4.667534e-16,7.809722e-16,1.419702e-15,2.968484e-15,7.864418e-15,3.364799e-14,4.158331e-13,7.226130e-12,1.812228e-08,4.457358e-09,4.887160e-08,5.196040e-08,4.612047e-09,2.093118e-09,2.853970e-09,1.859236e-08,1.760308e-07,2.443935e-08,7.644926e-09,1.827136e-08,9.195828e-08,1.768487e-08,4.058801e-09,1.941621e-09,2.345383e-09,9.745116e-09,1.936681e-08,4.584216e-09,1.297030e-09,5.977118e-10,4.801150e-10,8.852722e-10,2.645390e-09,1.838262e-09,5.501551e-10,2.113530e-10,1.107003e-10,7.809012e-11,8.196150e-11,1.477994e-10,3.167267e-10,2.501603e-10,9.968947e-11,4.404450e-11,2.429189e-11,1.618871e-11,1.298093e-11,1.315626e-11,1.841030e-11,3.303065e-11,4.198906e-11,2.554270e-11,1.264195e-11,7.061516e-12,4.587155e-12,3.363273e-12,2.727327e-12,2.453522e-12,2.513325e-12,3.066698e-12,4.414018e-12,5.847151e-12,5.009313e-12,3.150735e-12,1.969089e-12,1.355471e-12,1.022838e-12,8.272980e-13,7.056335e-13,6.301972e-13,5.904377e-13,5.870656e-13
15,3.000000e+08,3.000000e+08,2.793088e+02,1.001131e+02,1.890000e-01,2.100000e-03,0.000000e+00,2.075260e-01,2.075248e-01,2.075235e-01,2.075220e-01,2.075204e-01,2.075188e-01,2.075172e-01,2.075156e-01,2.075138e-01,2.075119e-01,2.075095e-01,2.075065e-01,2.075021e-01,2.074936e-01,2.074778e-01,2.072352e-01,2.063453e-01,2.054837e-01,2.024396e-01,2.016960e-01,2.013856e-01,2.010623e-01,2.004429e-01,1.985300e-01,1.968923e-01,1.962111e-01,1.954197e-01,1.936068e-01,1.920911e-01,1.914791e-01,1.910632e-01,1.905798e-01,1.896937e-01,1.880455e-01,1.868952e-01,1.863377e-01,1.859449e-01,1.855323e-01,1.849189e-01,1.837904e-01,1.824246e-01,1.816236e-01,1.811706e-01,1.808352e-01,1.805106e-01,1.801129e-01,1.795119e-01,1.785225e-01,1.773767e-01,1.766087e-01,1.761473e-01,1.758217e-01,1.755431e-01,1.752585e-01,1.749177e-01,1.744452e-01,1.737268e-01,1.727638e-01,1.719028e-01,1.713302e-01,1.709505e-01,1.706672e-01,1.704257e-01,1.701927e-01,1.699410e-01,1.696388e-01,1.692381e-01,1.686710e-01,1.679094e-01,1.671113e-01,1.664864e-01,1.660514e-01,1.657387e-01,1.654940e-01,1.652841e-01,1.650874e-01,1.648876e-01,1.646690e-01,1.644115e-01,0.000000e+00,1.127289e-18,6.035845e-18,1.875370e-17,4.773927e-17,1.038377e-16,1.820849e-16,2.933477e-16,4.693000e-16,7.852861e-16,1.427674e-15,2.985436e-15,7.909954e-15,3.384398e-14,4.182351e-13,7.267499e-12,1.822496e-08,4.482997e-09,4.914290e-08,5.227686e-08,4.639237e-09,2.104877e-09,2.868732e-09,1.868370e-08,1.768691e-07,2.454899e-08,7.672478e-09,1.830917e-08,9.210010e-08,1.771232e-08,4.063846e-09,1.941933e-09,2.340497e-09,9.704734e-09,1.927618e-08,4.563571e-09,1.291231e-09,5.945865e-10,4.764677e-10,8.751748e-10,2.608729e-09,1.812671e-09,5.430151e-10,2.087996e-10,1.093905e-10,7.708347e-11,8.065011e-11,1.447609e-10,3.092505e-10,2.442334e-10,9.749579e-11,4.316733e-11,2.384938e-11,1.590693e-11,1.274698e-11,1.288347e-11,1.794086e-11,3.203377e-11,4.064986e-11,2.476458e-11,1.229591e-11,6.891599e-12,4.489501e-12,3.298023e-12,2.676479e-12,2.406014e-12,2.457892e-12,2.984130e-12,4.269739e-12,5.634877e-12,4.829662e-12,3.048788e-12,1.914283e-12,1.323415e-12,1.002035e-12,8.124176e-13,6.939498e-13,6.200564e-13,5.805483e-13,5.759933e-13
16,3.000000e+08,3.000000e+08,2.798689e+02,1.000111e+02,1.890000e-01,2.100000e-03,0.000000e+00,2.075260e-01,2.075248e-01,2.075235e-01,2.075220e-01,2.075204e-01,2.075188e-01,2.075172e-01,2.075156e-01,2.075138e-01,2.075119e-01,2.075095e-01,2.075065e-01,2.075021e-01,2.074936e-01,2.074778e-01,2.072352e-01,2.063453e-01,2.054837e-01,2.024396e-01,2.016960e-01,2.013856e-01,2.010623e-01,2.004429e-01,1.985300e-01,1.968923e-01,1.962111e-01,1.954197e-01,1.936068e-01,1.920911e-01,1.914791e-01,1.910632e-01,1.905799e-01,1.896938e-01,1.880456e-01,1.868952e-01,1.863377e-01,1.859449e-01,1.855323e-01,1.849189e-01,1.837904e-01,1.824246e-01,1.816236e-01,1.811706e-01,1.808352e-01,1.805106e-01,1.801129e-01,1.795119e-01,1.785224e-01,1.773767e-01,1.766087e-01,1.761473e-01,1.758217e-01,1.755431e-01,1.752585e-01,1.749177e-01,1.744452e-01,1.737268e-01,1.727638e-01,1.719028e-01,1.713302e-01,1.709505e-01,1.706672e-01,1.704257e-01,1.701927e-01,1.699410e-01,1.696388e-01,1.692381e-01,1.686710e-01,1.679095e-01,1.671113e-01,1.664864e-01,1.660514e-01,1.657387e-01,1.654940e-01,1.652841e-01,1.650874e-01,1.648876e-01,1.646690e-01,1.644115e-01,0.000000e+00,1.128668e-18,6.043496e-18,1.877839e-17,4.780463e-17,1.039826e-16,1.823333e-16,2.937420e-16,4.699405e-16,7.864073e-16,1.429844e-15,2.990296e-15,7.923718e-15,3.390628e-14,4.190301e-13,7.281404e-12,1.825988e-08,4.491553e-09,4.923845e-08,5.237546e-08,4.647749e-09,2.108434e-09,2.872915e-09,1.870871e-08,1.771059e-07,2.457776e-08,7.676492e-09,1.829920e-08,9.201449e-08,1.769470e-08,4.058770e-09,1.937817e-09,2.331332e-09,9.650560e-09,1.916441e-08,4.538086e-09,1.283953e-09,5.908287e-10,4.725144e-10,8.651687e-10,2.573627e-09,1.788161e-09,5.360900e-10,2.062895e-10,1.080963e-10,7.610378e-11,7.941836e-11,1.420035e-10,3.025701e-10,2.389374e-10,9.551838e-11,4.236665e-11,2.344048e-11,1.564470e-11,1.253023e-11,1.263531e-11,1.752394e-11,3.116285e-11,3.948663e-11,2.408534e-11,1.199052e-11,6.739557e-12,4.400852e-12,3.238079e-12,2.629536e-12,2.362414e-12,2.407930e-12,2.911479e-12,4.145307e-12,5.453578e-12,4.675977e-12,2.960747e-12,1.866282e-12,1.294814e-12,9.830947e-13,7.986152e-13,6.829598e-13,6.104690e-13,5.712585e-13,5.657846e-13
17,3.000000e+08,3.000000e+08,2.801746e+02,9.998158e+01,1.890000e-01,2.100000e-03,0.000000e+00,2.075260e-01,2.075248e-01,2.075235e-01,2.075220e-01,2.075204e-01,2.075188e-01,2.075172e-01,2.075156e-01,2.075138e-01,2.075119e-01,2.075095e-01,2.075065e-01,2.075021e-01,2.074936e-01,2.074778e-01,2.072352e-01,2.063453e-01,2.054837e-01,2.024396e-01,2.016960e-01,2.013856e-01,2.010623e-01,2.004429e-01,1.985300e-01,1.968923e-01,1.962111e-01,1.954197e-01,1.936068e-01,1.920911e-01,1.914791e-01,1.910632e-01,1.905798e-01,1.896937e-01,1.880455e-01,1.868952e-01,1.863377e-01,1.859449e-01,1.855323e-01,1.849189e-01,1.837904e-01,1.824246e-01,1.816236e-01,1.811706e-01,1.808352e-01,1.805106e-01,1.801129e-01,1.795119e-01,1.785225e-01,1.773767e-01,1.766087e-01,1.761473e-01,1.758217e-01,1.755431e-01,1.752585e-01,1.749177e-01,1.744451e-01,1.737268e-01,1.727638e-01,1.719028e-01,1.713302e-01,1.709505e-01,1.706672e-01,1.704257e-01,1.701927e-01,1.699410e-01,1.696388e-01,1.692381e-01,1.686710e-01,1.679094e-01,1.671113e-01,1.664864e-01,1.660514e-01,1.657387e-01,1.654940e-01,1.652841e-01,1.650874e-01,1.648876e-01,1.646690e-01,1.644115e-01,0.000000e+00,1.128731e-18,6.043983e-18,1.878043e-17,4.781128e-17,1.039987e-16,1.823589e-16,2.937802e-16,4.700069e-16,7.865456e-16,1.430169e-15,2.991164e-15,7.926556e-15,3.392070e-14,4.192304e-13,7.285013e-12,1.826916e-08,4.493743e-09,4.926226e-08,5.240056e-08,4.649813e-09,2.109210e-09,2.873669e-09,1.871284e-08,1.771460e-07,2.458124e-08,7.675076e-09,1.828620e-08,9.193201e-08,1.767883e-08,4.054538e-09,1.934937e-09,2.325812e-09,9.620081e-09,1.909649e-08,4.521958e-09,1.279443e-09,5.885748e-10,4.702438e-10,8.596135e-10,2.554395e-09,1.774765e-09,5.322882e-10,2.049032e-10,1.073803e-10,7.556369e-11,7.874600e-11,1.405144e-10,2.989862e-10,2.360978e-10,9.445586e-11,4.193458e-11,2.321906e-11,1.550265e-11,1.241338e-11,1.250286e-11,1.730388e-11,3.070728e-11,3.887776e-11,2.372854e-11,1.182939e-11,6.658850e-12,4.353492e-12,3.205895e-12,2.604263e-12,2.338944e-12,2.381176e-12,2.872870e-12,4.079601e-12,5.358169e-12,4.595143e-12,2.914272e-12,1.840758e-12,1.279510e-12,9.729044e-13,7.911582e-13,6.770039e-13,6.052727e-13,5.662373e-13,5.603013e-13
18,3.000000e+08,3.000000e+08,2.799856e+02,9.999984e+01,1.890000e-01,2.100000e-03,0.000000e+00,2.075260e-01,2.075248e-01,2.075235e-01,2.075220e-01,2.075204e-01,2.075188e-01,2.075172e-01,2.075156e-01,2.075138e-01,2.075119e-01,2.075095e-01,2.075065e-01,2.075021e-01,2.074936e-01,2.074778e-01,2.072352e-01,2.063453e-01,2.054837e-01,2.024396e-01,2.016960e-01,2.013856e-01,2.010623e-01,2.004429e-01,1.985300e-01,1.968923e-01,1.962111e-01,1.954197e-01,1.936068e-01,1.920911e-01,1.914791e-01,1.910632e-01,1.905798e-01,1.896937e-01,1.880455e-01,1.868952e-01,1.863377e-01,1.859449e-01,1.855323e-01,1.849189e-01,1.837904e-01,1.824246e-01,1.816236e-01,1.811706e-01,1.808352e-01,1.805106e-01,1.801129e-01,1.795119e-01,1.785225e-01,1.773767e-01,1.766087e-01,1.761473e-01,1.758217e-01,1.755431e-01,1.752585e-01,1.749177e-01,1.744451e-01,1.737268e-01,1.727638e-01,1.719028e-01,1.713302e-01,1.709505e-01,1.706672e-01,1.704257e-01,1.701927e-01,1.699410e-01,1.696388e-01,1.692381e-01,1.686710e-01,1.679094e-01,1.671113e-01,1.664864e-01,1.660514e-01,1.657387e-01,1.654940e-01,1.652841e-01,1.650874e-01,1.648876e-01,1.646690e-01,1.644115e-01,0.000000e+00,1.128692e-18,6.043684e-18,1.877917e-17,4.780717e-17,1.039887e-16,1.823431e-16,2.937566e-16,4.699658e-16,7.864601e-16,1.429968e-15,2.990628e-15,7.924801e-15,3.391178e-14,4.191066e-13,7.282782e-12,1.826342e-08,4.492389e-09,4.924754e-08,5.238503e-08,4.648536e-09,2.108730e-09,2.873202e-09,1.871028e-08,1.771211e-07,2.457908e-08,7.675952e-09,1.829425e-08,9.198308e-08,1.768890e-08,4.057199e-09,1.936747e-09,2.329306e-09,9.639537e-09,1.913754e-08,4.531483e-09,1.282144e-09,5.899426e-10,4.716367e-10,8.630389e-10,2.566276e-09,1.783053e-09,5.346394e-10,2.057595e-10,1.078224e-10,7.589676e-11,7.916010e-11,1.414305e-10,3.011920e-10,2.378457e-10,9.511045e-11,4.220076e-11,2.335557e-11,1.559034e-11,1.248570e-11,1.258504e-11,1.744072e-11,3.099109e-11,3.925605e-11,2.394968e-11,1.192922e-11,6.708829e-12,4.382802e-12,3.225815e-12,2.619905e-12,2.353449e-12,2.397707e-12,2.896715e-12,4.120153e-12,5.417024e-12,4.645002e-12,2.942962e-12,1.856518e-12,1.288967e-12,9.792094e-13,7.957754e-13,6.806951e-13,6.084999e-13,5.693610e-13,5.637246e-13
19,3.000000e+08,3.000000e+08,2.799929e+02,1.000004e+02,1.890000e-01,2.100000e-03,0.000000e+00,2.075260e-01,2.075248e-01,2.075235e-01,2.075220e-01,2.075204e-01,2.075188e-01,2.075172e-01,2.075156e-01,2.075138e-01,2.075119e-01,2.075095e-01,2.075065e-01,2.075021e-01,2.074936e-01,2.074778e-01,2.072352e-01,2.063453e-01,2.054837e-01,2.024396e-01,2.016960e-01,2.013856e-01,2.010623e-01,2.004429e-01,1.985300e-01,1.968923e-01,1.962111e-01,1.954197e-01,1.936068e-01,1.920911e-01,1.914791e-01,1.910632e-01,1.905798e-01,1.896937e-01,1.880455e-01,1.868952e-01,1.863377e-01,1.859449e-01,1.855323e-01,1.849189e-01,1.837904e-01,1.824246e-01,1.816236e-01,1.811706e-01,1.808352e-01,1.805106e-01,1.801129e-01,1.795119e-01,1.785225e-01,1.773767e-01,1.766087e-01,1.761473e-01,1.758217e-01,1.755431e-01,1.752585e-01,1.749177e-01,1.744451e-01,1.737268e-01,1.727638e-01,1.719028e-01,1.713302e-01,1.709505e-01,1.706672e-01,1.704257e-01,1.701927e-01,1.699410e-01,1.696388e-01,1.692381e-01,1.686710e-01,1.679094e-01,1.671113e-01,1.664864e-01,1.660514e-01,1.657387e-01,1.654940e-01,1.652841e-01,1.650874e-01,1.648876e-01,1.646690e-01,1.644115e-01,0.000000e+00,1.128658e-18,6.043505e-18,1.877863e-17,4.780585e-17,1.039859e-16,1.823381e-16,2.937485e-16,4.699531e-16,7.864394e-16,1.429932e-15,2.990559e-15,7.924635e-15,3.391116e-14,4.191000e-13,7.282677e-12,1.826318e-08,4.492323e-09,4.924676e-08,5.238421e-08,4.648459e-09,2.108691e-09,2.873145e-09,1.870991e-08,1.771177e-07,2.457857e-08,7.675736e-09,1.829354e-08,9.197917e-08,1.768814e-08,4.057013e-09,1.936640e-09,2.329134e-09,9.638667e-09,1.913574e-08,4.531062e-09,1.282024e-09,5.898823e-10,4.715769e-10,8.628969e-10,2.565787e-09,1.782711e-09,5.345420e-10,2.057241e-10,1.078042e-10,7.588338e-11,7.914413e-11,1.413962e-10,3.011108e-10,2.377819e-10,9.508643e-11,4.219093e-11,2.335038e-11,1.558694e-11,1.248286e-11,1.258181e-11,1.743536e-11,3.098009e-11,3.924138e-11,2.394122e-11,1.192538e-11,6.706903e-12,4.381674e-12,3.225050e-12,2.619315e-12,2.352930e-12,2.397148e-12,2.895965e-12,4.118916e-12,5.415218e-12,4.643457e-12,2.942048e-12,1.856007e-12,1.288656e-12,9.789956e-13,7.956201e-13,6.805753e-13,6.083937e-13,5.692535e-13,5.636091e-13
20,3.000000e+08,3.000000e+08,2.799922e+02,1.000007e+02,1.890000e-01,2.100000e-03,0.000000e+00,2.075260e-01,2.075248e-01,2.075235e-01,2.075220e-01,2.075204e-01,2.075188e-01,2.075172e-01,2.075156e-01,2.075138e-01,2.075119e-01,2.075095e-01,2.075065e-01,2.075021e-01,2.074936e-01,2.074778e-01,2.072352e-01,2.063453e-01,2.054837e-01,2.024396e-01,2.016960e-01,2.013856e-01,2.010623e-01,2.004429e-01,1.985300e-01,1.968923e-01,1.962111e-01,1.954197e-01,1.936068e-01,1.920911e-01,1.914791e-01,1.910632e-01,1.905798e-01,1.896937e-01,1.880455e-01,1.868952e-01,1.863377e-01,1.859449e-01,1.855323e-01,1.849189e-01,1.837904e-01,1.824246e-01,1.816236e-01,1.811706e-01,1.808352e-01,1.805106e-01,1.801129e-01,1.795119e-01,1.785225e-01,1.773767e-01,1.766087e-01,1.761473e-01,1.758217e-01,1.755431e-01,1.752585e-01,1.749177e-01,1.744451e-01,1.737268e-01,1.727638e-01,1.719028e-01,1.713302e-01,1.709505e-01,1.706672e-01,1.704257e-01,1.701927e-01,1.699410e-01,1.696388e-01,1.692381e-01,1.686710e-01,1.679094e-01,1.671113e-01,1.664864e-01,1.660514e-01,1.657387e-01,1.654940e-01,1.652841e-01,1.650874e-01,1.648876e-01,1.646690e-01,1.644115e-01,0.000000e+00,1.128653e-18,6.043475e-18,1.877854e-17,4.780561e-17,1.039854e-16,1.823372e-16,2.937470e-16,4.699507e-16,7.864354e-16,1.429925e-15,2.990543e-15,7.924591e-15,3.391096e-14,4.190977e-13,7.282637e-12,1.826308e-08,4.492296e-09,4.924645e-08,5.238388e-08,4.648430e-09,2.108679e-09,2.873129e-09,1.870982e-08,1.771169e-07,2.457845e-08,7.675711e-09,1.829351e-08,9.197910e-08,1.768813e-08,4.057012e-09,1.936642e-09,2.329141e-09,9.638719e-09,1.913585e-08,4.531087e-09,1.282030e-09,5.898856e-10,4.715805e-10,8.629063e-10,2.565819e-09,1.782733e-09,5.345482e-10,2.057263e-10,1.078054e-10,7.588433e-11,7.914543e-11,1.413993e-10,3.011189e-10,2.377884e-10,9.508883e-11,4.219185e-11,2.335082e-11,1.558720e-11,1.248304e-11,1.258197e-11,1.743560e-11,3.098053e-11,3.924197e-11,2.394158e-11,1.192555e-11,6.706997e-12,4.381723e-12,3.225088e-12,2.619347e-12,2.352962e-12,2.397194e-12,2.896039e-12,4.119022e-12,5.415368e-12,4.643598e-12,2.942135e-12,1.856052e-12,1.288680e-12,9.790129e-13,7.956364e-13,6.805904e-13,6.084109e-13,5.692774e-13,5.636414e-13
